"he latest the climate change daily!  thanks to #climat", 0
"lorious leader action on climate change thoughtcrime double plus good. ", 1
"lah blah, steve bannon is pro-facts lol he doesn't believe in climate change. he's a fucking halfwit bigot ", 1
"t what if we simply stopped making transportation investments that make climate change worse? ", 1
" sent him my essay on sea level rise/ climate change for a class assignment and it would be awesome to get feedbac", 0
" just joined in combating climate change. take action #beforetheflood ", 1
"rump says nobody really knows if climate change is real - the washington post  error on safety side doesn't hurt! ", 1
"ooks like i willbe seeing my shadow shortly. 6 more weeks of winter. but we have global warming to help is ou", 0
"fallacy' has nothing to do with the science of climate change. belief is not required, evide ", 1
"report  concerned scientists warn us about #killerpalm oil &amp; global warming ", 1
"ey climate change goal may be missed:  (via #actonclimat", 1
"arry is trying to come up with a chorus about the dangers of global warming every single da", 0
"ave water,grow tree than less global warmin", 1
"ew zealand could become the first country in the world to recognize climate change as a valid reason to be granted residency", 1
"t's weird how we keep seeing consequences to that imaginary climate change thing. ", 1
"o, the worst-case climate change futures havent been ruled out  ", 1
"cience &amp; research cannot be disappeared. this is not just dangerous- treasonous. military says climate change=threa", 1
"ore's climate change followers send a clear message to trump, and that message is: 'there aren't very many of us.' ", -1
"oliticians warn about  global warming &amp; vow to combat w/ even more absurd fantasies about immediately de-carbonizing economy!", -1
"o, bill nye is not debating sarah palin on climate change #nye ", 0
" find it very fascinating (and a bit frightening too). i learned about it when teaching climate change last year.", 0
"hat moment when china is actually becoming world leader on fighting climate change bc they don't think 'god' will ", 1
"hy are u denying 99% of scientists? none of them says the hurricanes are result of global warmin", 0
" swear i will never scoff at global warming again, please just let the temperature fall below 6", 1
"he worst summer pests are on the rise due to global warming:   v", 1
"n its 100th birthday in 1959, edward teller warned the oil industry about global warming  #globalwarming #history ", 0
"ot to mention trump and family who wrote a letter in 2009 urging obama to act on climate change", 1
"ou might mention that hilary clinton strongly endorses science and believes climate change is real", 1
"t's november and this is the forecast, but sure climate change is a hoax  ", 1
"ore liberal hypocrisy.  cite 'science' when it comes to climate change, but deny biology when it comes to conception &amp; gende", -1
"rom the economist espresso: hot, unbothered: global warming ", 0
"his is how it's done, not toadying to trump, bill gates &amp; investors worth $170 b launch fund to fight climate change", 1
"ind out what is true and false about climate change ", 0
"ffshore wind, clever concrete and fake meat: the top climate change innovations!  ", 1
"oogle earth's timelapse update illustrates 30 years of climate change ", 1
"f you ever want to see global warming in action come to nc, we go from 80 to hailstorms faster than trump can say chin", 1
"t was colder in atlanta georgia today than in anchorage alaska.......but there is no climate change because republ ", 1
"indings may help scientists understand how much carbon dioxide can be released while still limiting global warming ", 1
"ot only stronger &amp; more frequent, but harder to predict their path - but global warming can't be t ", 0
"ranslation: i'll believe global warming when all of humanity (not just some) faces extinction du ", 1
"ip: weather channel founder john coleman dies - called 'global warming' a 'hoax'  via", -1
"umagin bigla tanginang climate chang", 0
"ear sir,world needs to fight global warming,people needs their basic needs  find out a path where needs of both is met", 1
"u. make smarter choices as a consumer to combat climate change.'  #climatechange ", 1
"he global warming struggle is real", 1
"ntil global warming becomes the answer to all the solutions of our problem what i write will live foreve", 1
"ey! we have a new board for bouncing ideas on climate change, are you interested? ", 1
"ow nature and people, including human-induced climate change, alter the pathways of wate", 1
"emember, our discussions on climate change are _also_ discussions about devastating nuclear waste ", 1
"hina rolls its eyes at trump over his ridiculous climate change claim  ", 1
"'m angry that we're not addressing climate change, and are destroying the precious earth  in the name of corporate profits", 1
"omorrow stadium . walk against climate change #lwtzewalk2015 cc ", 1
"ou got to be kidding, the nyt, this is suppose to be legit, so fake, they have climate change wrong", 0
"5 degrees in stl on last day in october. i am all for this global warming hoax", 0
"limate change is wealth distribution, is a vehicle to suck up as much money as possible. refugees crisis in eu too", -1
"his is insane. climate change and global warming are real, every child knows this", 1
"f you really sit here and try to say climate change isnt real youre completely discrediting ", 1
"rump would have us believe climate change is brought to us by the tooth fairy on santa's clause's sleigh ", 1
"ass so lit caused global warming", 0
"erious q: if gop believes climate change isn't real why need 'clean' coal? if humans can't impact enviro why need coal to be 'clean'", 0
"hank god 4 artic air. but isnt wild how they got a road there now. due to global warmin", 0
"ame 1 world series (in la): 103 degrees.  game 6 world series (in la): 67 degrees. nope climate change isn't real", 1
"t's groundhog day 2018 and people still accept weather forecasts from a rodent but deny climate change from the scientific communit", 1
"lobal warming is a natural phenomena...if it weren't, we'd still be covered in ic", -1
"oing to start blaming bayesians for global warming", 0
"hat happened to global warming? climates change every day", -1
"he funniest thing in the world is a liberal who believes in climate change......and smokes (anything).", -1
"'m all for clean air but global warming is a load of crap there has been little change in temp  in the last 20 yr", -1
"mm well apparently it didnt do well enough because the midwest and east coast needs some global warming so explain tha", 0
"ike global warming", 0
"ustralian coastline glows in the dark in sinister sign of climate change: eerie scenes in tasmania show ", 1
"reaking:: global warming wackos figure out how to move the earths around the sun. ya ", -1
" 200-yr-old climate calamity can help understand todays global warming ", 1
"ransport and climate change  #breakingnews ", 0
"o tum ho global warming ki waja ", 0
"ell drop climate change denier rebekah mercer. sign now:  via #standupforscienc", 1
"o your saying the temp is trending down then...? so sci has declared an end to global warming - whooo -good to he ", -1
"aby, it$q$s cold outside (therefore global warming doesn$q$t exist) #gopsongs", 0
"t s/n b a crime 2 discuss global warming strategies bc u don't believe they exist! obama &amp; libs want it 2 b, but i ", -1
"he entire reason you don't believe in global warming is that the oil companies spent so much to lie to you about it", 1
"xactly! it's address climate change or slowly kill ourselve", 1
"he new bill nye show's first episode was about global warming and i can't believe the liberals brainwashed him too", -1
"unton/weindorf explore climate change...villages in alaska. worth a view regardless of stance on cc. making an impact!", 1
"akes 2 seconds. poll: what do you think of trump's executive order on climate change?  ", 0
"breich: i'm often told that climate change is a middle-class issue, and the poor care more about jobs and wages.  ", 0
"t's 2f here in indy where is global warming you promised us it's cold right no", 0
"uestion 1: do u like smoking weed? 2: do you hate paying taxes? 3: do you think global warming is just a big ol ho ", 0
"till here, donnie! ", 0
" mean i would put a plug in for global warming but i have to remember we made that up", -1
"his is a really good read actually - taught me how to frame and explain climate change much better! ", 1
"ell if you voted jill, how's climate change going for ya among other t ", 1
"hreats climate action, but some states vow to fight climate change since trump won't  #actonclimat", 1
"hat if everyone in the world who wants to see action on climate change stops work the first monday of every month? #auspo", 1
"ees-mogg is climate change denier with fracking links,add leadsom,johnson,farage,murdoch,dacre,desmond etc,rush 2 tear up reg", 1
"ensanders: new: environmentalist billmckibben talks about the movement to combat climate change on the bernie san ", 1
"he same people who want us to take their 'sky is falling' warnings about 'climate change' seriously talk about 'imaginary heartbeats.'", -1
"ell according to our lord and savoir trump, global warming doesn't exist.  and since we always know trump is right ", 1
"es he is supporting climate change", 0
"hey think they can make americans eat less to reverse climate change. what?? #cosproject #marklevin #maga #tcot ", -1
" thought we just had to worry about climate change ??", 0
"climate chang", 0
"orry pop-science celebrities, but if you ever referred to someone as a denier then your climate change thoughts aren't worth listening to", -1
"lveda king is a fox news talking head and a climate change denying republican, glenn ", 1
"eems only good scenario for climate change depends on science &amp; engineering finding something new while we reduce greenhouse gas productio", 1
"oung liberals will believe anything. flat earth ,illuminati, global warming..", -1
"m creating a new think tank for climate change, would you join and post your tweet also at  ", 1
"s global warming real? what do you think will happen?  yes. end of the world, perhaps ", 1
"ig coal funded this prominent climate change denier, docs reveal ", 1
"arth's rate of global warming is equal to 400.000 hiroshima bombs a day! #climatechange, it will get worse", 1
"hock: the father of global warming, james hansen, dials back alarm  #thedailybulleti", -1
"chhotisiachhai  a3) plant a tree to stop global warmin", 1
"aha! our hearts go out to those who may be effected. it's too late to reverse global warming but n ", 1
"feelthebern  ", 1
"ichael man would call black white if that helped his wacko global warming/coming ice age/climate change/we ", -1
"reenpeaceusa: removing climate change from the epa's website is 'a declaration of war.' ", 1
"lease vote 4 hillary on tuesday. she's the only 1 who can beat trump. trump will ruin the us &amp; earth (he doesn't believe in global warming", 1
"back up your man-made global warming rhetoric with hard, empirical evidence or go away", -1
"lobal warming provides a great excuse for global socialism. enlist ----&gt;  stand up today. ", -1
"e should stop #climate change, otherwise climate change will stop us - #climatechange #future #earth #mankind #environment #sustainabilit", 1
"he rothschild's are chemicly poisoning our air to create climate change so the can push another agenda make more c ", -1
"ts like saying this climate change is happening lads, theres holes in the ozone layer. lets build s ", 1
"l franken shutting down rick perry over climate change is everything &amp; more. ", 1
"et's hear more from vulnerable #women hard-hit by #climate change talks: strong message from #dcdays ", 1
"odelling shows: we can reduce climate change by changing our behaviour ", 1
" groundbreaking study outlines what you can do about climate change.  ", 1
"he sea floor is sinking under the weight of climate change ", 1
"retty sure we are about to see george blame penguin shit for global warming any minute  now.. #qand", 0
"ou bet. liked the part abt being warned off climate change; i started there (but i don't take commen ", 0
"ight. ", 0
"#design] watch our talk on climate change live from dutch design week ", 0
" still have a hard time understanding that some people do not believe climate change is a thin", 1
"overnment fakes data to change global warming results over 20 years. liars all liars for money.  ", -1
"l gore is a fraud and refuses to debate global warming ", -1
"veryone use there cars and leave electric on we want global warming it's to cold right no", 0
"rump just had to do it...stared at eclipse without glasses. scientists said not to , but they believe in climate change so must be fals", 1
"ooks like another victim of global warming and unemployment", 0
"recisely! the disease they invented is called $q$dangerous human-caused climate change$q$", -1
"actcheck: worlds biggest oil firms announce miniscule climate change fund  via", 1
"5+ us mayors refuse to enforce trump climate change order. so important to elect leaders committed to environment. ", 1
"f climate change is something you are passionate about have a look .. what active steps will you take to make a change? #vega", 1
"es yes, but what are his views on climate change", 0
"efinitely not global warming... did you know it is cold in america?", 0
"ational parks in 2050, after climate change. assuming we still have national parks by then. ", 1
"hat's global warming for you! ", 1
"election of best short climate films on our #agofstupid dvd. send yr address &amp; i$q$ll post free copy 4 yr screening   ", 0
"to understand/debate requires scientific study/data. nasa studies climate change.  ", 0
"especting first nations sovereignty. fighting petrocapitalism. standing up against climate change. get after it. #nodap", 1
"e: yay its january and its warm out!!!!!  brain: but climate change me: ", 0
"tudents are asked to watch a video by climate change doubter john coleman who presents as his credentials that he ", 0
"ne of the paradoxes of climate change is that the worlds poorest and most vulnerable people  who contribute almo ", 1
"ews from hbr the business world recognizes the tremendous threat of climate change. they need to make that perspe ", 1
"urdboys are the reason for climate change", 0
"'ll have climate change for a 1000 ale", 0
"ail, climate change is real. how we deal with it is politics. if you want to deal with ", 1
"praises rick perry for saying seawater probably causes climate change.  ", 0
"hen i came to congress, i said i wanted to be the best voice on climate change that i could be. #actonclimate ", 1
"atched politics last night and realized that republicans only care about taxes and global warming...#pett", 0
"nfortunately the global warming hysteria, as i see it, is driven by politics more than by science.  -freeman dyson .", -1
"ew report about antarctica is horrible news for global warming alarmists' ", -1
"huffingtonpost turn up the heat on climate change: well there you go again you wacky scientis...  #teamfollowbac", 0
"hen ur enjoying the nice weather but at the same time u know it's just bc of global warming ", 1
" sat next to two penn frat brothers last night at a climate change forum and the one guy was reading taylor swift/zayn malik gossip", 0
" liked a video  penn and teller global warmin", 0
"he lies told to support the anthropological global warming scam are legendary. we will ", -1
"f my tulips don't know when to bloom cause climate change has them confused &amp; they end up dying i will blame donald trum", 1
"ere comes the liberal loons there going to blame it on climate change. prayers for the people of mexico", -1
"on't forget energy conversion programs aimed at combating climate change. ;) ;", 1
"res trump why don't you tell the war mongol to stop with global warming is and worry about pissing of the russians remind they have nuke", -1
"limate change protesters are causing traffic chaos and causing car journeys to take longer? isn't this causing more pollution? ironi", 0
"oday is #worldenvironmentday! global climate change affects everyone &amp; we all must protect the world we live in. ", 1
"he climate change in our veins ", 0
"ems come up will stupid bill regarding 'fake news'.how about issues such as climate change, healthcare reform, etc. ", 1
"hat's laughable to me is people who ignore scientists who at least question climate change narratives..", -1
" also wonder how all those people who liked the 'i fucking love science' facebook page feel about climate change", 0
" think climate change is trudeaus fault as wel", 0
"his dumbass thinks that climate change is the most important thing to protect in ca. how about sanctuary cities, ", -1
"nteresting article from ies describing how building simulation can help tackle climate change. ", 1
"t is truly a new world when china warns trump against abandoning climate change deal  via", 0
"uch an ignorant thing to say! when not only is climate change proved but we can see devastating impact in oz.", 1
"gandas agriculture cant thrive beyond 1.5-degree global warming #farmingagriculture ", 1
"hat? why not blame climate change, and poor drainage for this? those people should start reading other stuff aside ", 1
"ut just like climate change &amp; cigarettes/cancer, big profit $ fights attempts 2prove harm. easier regs: ", 1
"ou forget the no climate change", 0
"bama to warn coast guard cadets global warming a national security threat  barry$q$s  ash heap of history speec", 0
"t: ed crooks: if the world is serious about curbing climate change, we need a full-scale retreat from coal ", 1
"ou cant ignore climate change and think you have an immigration policy.' ", 1
" want to see trump dispute tt there's no global warming. hey if there is, the first to go is the fishes on your pl ", 0
"here in that report they dispute climate change? if you click on the other links youll se ", 0
"h, for sure. actively dismissing climate change for 8 years is big to", 1
"agtatanim ng kabute, isinusulong bilang tugon kontra climate change  ", 0
"hey asked me what my inspiration was i told em global warmin", 0
"f the facts supported climate change alarmism, the facts *would* be enough ", -1
"lobal warmin", 0
"'m so infuriated about this global climate change", 0
"nalysis: trump's a climate change pariah  #wyko_news ", 1
"aarp 2015 reveals climate change  via", 0
"reen technology used to combat climate change  infographic: image source   scientist... ", 1
"his is how kids learn about climate change in peru. read the interview here &gt;&gt; ", 1
"eonardo dicaprio the guy un chose for global warming ain't seen often on social media he doesn't transmit std still he isn't see", 0
"ighting climate change is ridiculous. climate changes so figure out how to survive it for fuck sake", -1
"dont let our children face climate change disaster! #parisagreement  #cleanpowerplan #savetheepa #actonclimate #swingdis", 1
"hat's me!! i'm mad into climate change these days. i'm thinkin of starting a clu", 0
"e should debate things that matter- ok let's debate the lie of climate change! liberals have lost there ability to reason ", -1
"een this in christians can't afford to bury their talents on climate change ", 0
"hat evidence does he need?  #nh needs leadership not ignorance #nhpolitics ", 1
"iggas ask me what my inspiration was i told them global warmin", 0
" got an idea lets debate climate change??? or anything...", 0
"ore than 50 million years ago, when the earth experienced a series of extreme global warming events, early mammal ", 0
"onald trump on some nut shit if he think global warming not rea", 1
"0% of scientists studying climate change were paid to falsify their results - still confused ", -1
"ell me #johnsonweld voters what did u accomplish tonight for climate change? for college tuition? for the supreme court? nothin", 1
"e are all breathing a sigh of relief. can he put a word in with the big guy re climate change or maybe the looming fascism? #popefranci", 1
"! climate change should not be a partisan issue !", 1
"ewly discovered peatlands must be protected to prevent climate change -  ", 1
"acing a president who denies the reality of climate change, we need to mobilize together. join me. ", 1
" got news today that was so awesome it made me forget about global warming and now i know what it was like to be a ", 0
"he fix: can pope francis actually change americans minds on climate change? ", 0
"ime to act truml, act fast and hard on climate change. ", 1
"eteorologist: accepting climate change doesnt make you liberal, it makes you scientifically literate ", 1
"his cabinet choices are idiots, climate change deniers, and bigots. ", 1
"limate change is bullshit. cofounder of greenpeace even said he was wrong. it's the suns activity you f ", -1
"pa chief: carbon dioxide not 'primary contributor' to climate change  the cesspoo", 1
"was just on to talk about climate change... not one mention of isis", -1
"acron drops climate change joke about trump at davos  via is global warming real", 0
"razy for believing in the truths of climate change and the lasting repercussions", 1
"equest the government finish their climate change-disasters building code safety factors project before any other ", 1
"his is an important meeting regarding the cross-party response to climate change. please share widely... ", 1
"ind energy is supposed to help fight climate change. it turns out climate change is fighting back.: a changing cli ", 1
"odi not in the list for 'plastic surgery' or 'climate change .... shardi sahan karne ' remarks. ", 0
"artly due to climate change, vultures are moving more northward, toward 2018 gop d.c. roadkill", 1
"pa chief pruitt..sniff too many fumes?  look thru the smog ur making. climate change is man-made. #climate chang", 1
"nd at the same time it is a fundamental defensive measure against the global climate change. project ark ", 0
"ard to believe a species brilliant enough to accomplish this can behave so ignorantly regarding issues like #climate change", 1
"eattles congestion: we are not amsterdam; build a livable city; climate change urgency; stay out of seattle ", 1
"f you're able to turn a blind eye to climate change &amp; consider it an issue for thirty years down the line, you're very wrong", 1
"oday, this little girl i work with said this: kaysee started global warming and trump stopped it.   the children are our future.", 0
"nconvenient data? whistle blower says noaa scientist cooked climate change books  ", -1
"eriously, though, would saying 'climate change is an alien conspiracy' really be any sillier than denying its existence completel", 1
"he case for #geoengineering climate change, via  #sustainabilit", 1
"t hurts us: it snowed once and other things donald trump thinks prove global warming is a hoax  via", 1
"illary blames women on climate chang", 0
"rotected: executive perspective: no more denying: climate change action and gender equality and womens empowermen ", 1
"here are all those 'free speech' people and why aren't that protesting trump's censorship of 'climate change' ??", 1
"efining the climate science will be essential for firms' ability to adapt to global warming  via", 1
"m creating a new think tank for climate change, would you join and post your tweet also at  ", 1
"on climate change - we will fix this in 85 years, 86 tops", 0
"ick perry wants to hold a dangerous, totally bs debate on human-caused global warming ", 1
"ut dont worry, climate change isnt real..", 1
"nd you think that disproves global warming, right? like senator inhoffe's snowball...  global warming m ", 1
"ach doesn't believe in global warming? lolol okay..", 0
"scientific #app #fintech #tips #seotips #socialnetwork *the best solution to eliminate the climate change is in: ", 1
"hrough climate change denial, we're ceding global leadership tochina ", 1
"ublish the address of climate change deniers like you who are destroying our planet's env ", 1
"oon aap will blame them for global warming': twitter mocks preeti sharma menon for blaming evms fo exit polls ", 0
"4 in november. s/o climate chang", 0
"oom: climate change causing plants to choke on too muchcarbon ", 1
"onsidering the people who drive (and deny) climate change, this is probably true. fuckers", 1
" just joined in combating climate change. take action #beforetheflood ", 1
"limate change is real climate change is real climate change is real climate change is real climate change is real climate change is real c", 1
"hoa. makes sense now why they wanted names of people working on climate change, don't it? ", 1
"ost people sit in aircon offices/houses now then go outside an think because its hot it must be climate chang", -1
"hese calamities are due to climate change , global warming, melting of glaciers ,poles ice caps, tectonic plate... ", 1
"o such thing but in the minds of the week who wish to be controlled by the elite  ", -1
"onald trump appears to misunderstand basic facts of climate change in piers morgan interview. ", 1
"weather obama disses climate change deniers: president barack obama dissed those who deny the science a...  #new", 1
"social #hr #reachwest apple makes an eloquent plea to take climate change seriously ", 1
"othing is wise when it comes to global warming. #fars", 0
"e don't need to be an indigenous person to show support. its time to treat the native right and take climate change seriously #nodap", 1
"e: inciting political violence is bad.   this dude: lol you care about climate change! ", 0
"climatechange the drum how twitter and carbon brief are helping climate change scientists  ", 1
"ermonts seemingly spacey climate change goals are putting the rest of the country to shame. ", 1
"mportant as #grenfelltower is, it is taking up a ridiculous amoung of government/media time compared to bigger issues like climate change", 1
"m not planet earth but i am very concerned about climate change and want to change destructive human behavior", 1
"ow will global warming gain acceptance when this is the burden of proof to prove the obvious in premier league foo ", 0
"ey el douche... still want to deny climate change... it is supposed to be 100 degrees below zero on top of mt. was ", 1
"like climate change", 0
"aving a phone without a headphone jack will be like having a president who doesn't believe in climate change ", 1
" blame global warming for causing all these break-ups. its supposed to be cuddle season. but its so nice all the ", 0
"ounterpoint: overpopulation (leading to climate change, natural resource decimation, other species' ", 1
"ome r advocating a special role for central banks...using a ...range of instruments: climate change-related discl ", 0
"ar, hunger, global warming....", 0
"rinking iced fuckin coffee lovin life shouts out to global warmin", 0
"e's given ivanka and her husband federal positions. the department of energy has banned the mention of 'climate change'..", 1
"rumps fixed all that hatred obama caused with other countrys. fixed global warming in one year", -1
"he entire global warming mantra is a farce. enlist in the #usfa at  patriot central awaits ", -1
"oke up to more snow in texas. this global warming is killing me make it stop.   better yet, since ", -1
"ombat climate change by regulating animal agriculture ", 1
"e basically said $q$the sun is going to kill us all in billions of years, so why bother doing anything to fix climate change?$q", 1
"bc news at one crid:5ai0q6 ... he has repeatedly denied humans cause climate change and pledges to back recent ..", 1
"gt; haunting photos of what global warming has already done  ", 1
"ey! we have a new board for bouncing ideas on climate change, are you interested? ", 1
"y entire family: 'the people who believe in climate change are getting paid to.'  note: my entire family gets paid to deny climate change", 1
"f cities really want to fight climate change, they have to fight cars  #itstimetochange join", 1
"hese days temperature in milan, italy should be around 0c. it was 16c at 10 am today. call global warming a theory", 1
"his. is. devastating. trump's budget eliminates $ for all climate change research &amp; programs, &amp; strips all $ for u ", 1
"oundtable: is the world failing on climate change?  ", 1
"eather can be friend sometimes, but when it comes to storms, tornadoes, every type of climate change, people can h ", 1
"oaa got caught faking global warming temperature data so where is the apology for spreading fake science? ", -1
"unked! peer-reviewed journal publishes hoax study attributing climate change to  #climatechange via", -1
"lobal warming aye, more like global bloody freezing", 0
"e's hot then he's cold - how can donald trump not believe in global warming when his position on just about every ", 1
"bcnews reports here's why climate change may be to blame for dangerous cold blanketing eastern u.s. ", 1
"lobal warming climate change only a rationale for elites to  scam carbon taxes from humanity! it$q$s the sun that rule", -1
"alum: *tweets abt reunitingish w the cast* -sees replies begging him to come to their countries- calum: *goes back to rting climate change", 0
"lobal warming is an invented democrat farce / we have 1000 years of coal reserves / why? #makeamericagreatagain ", -1
"0% of petroleum geochemists don't believe climate change is a serious problem' -- still a bad analogy, but one le ", 1
"esus christ what's dumber, climate change denial or modern goal line offenses", 1
"oth carbon emissions and non-climate change air pollution drive health impacts. both of which are ", 1
"resident trump failed to mention climate change even once at last nights #sotu .   now we learn that the... ", 1
"#aljazeera #english #hdlivestream]climate sos: innovative technology to tackle climate change ", 1
"hat's your plan for combatting climate change am i right", 0
"o simplify and clarify: the bogus global warming scam is nothing more than an attempt ", -1
"hey had climate change too then ! - and no diesel cars", -1
"umber one, i fully understand why her right now, we need global warming! ive said if ivanka werent my words", 0
"on't you for climate change after visit to young liberal staffer would like when it had a special guest, lady gag", 0
"hy are there no good movies about climate change? - quartz  - #climatechang", 0
"side from climate change, this reinvention of work is the most wicked problem facing humanity  #futureofwork #job", 1
"hat a waste of time on this climate change garbage. #2016olympic", -1
"om karwin, on gardening: how restoring your soil can help fight climate change  monterey county herald ", 1
"limate change in the us, and any place south it's spring/summer, like australi", 1
"hank you global warming - and you thought it was a bad thing ;-) j", 0
"question period in #ottawa #cdnpoli  ", 0
"m creating a new think tank for climate change, would you join and post your tweet also at  ", 1
"whenthesnowmeltsiwillfind water. this is a global warming tag right? ", 0
"hat about tomorrow, when he joins them on gun control and global warming ", 0
"he republicans do not believe in climate change", 0
"en nd jerry's trying to raise awareness about global warming but they rely on animal agriculture for their entire ", 1
"ao. the food and agricultural sectors need to be at the center of the global response to climate change.' ", 1
"o equating blm to the kkk and calling global warming bullshit", 1
"frican wild dogs can't take the heat, face extinction from climate change:  ", 1
"f #solar geo-engineering is abandoned in 50 years, it would be worse than the #climate change. ", 0
"hat percentage would u need to believe we contribute to climate chang", 1
"eave climate change; the political economy of #agriculture in india is fanning farmer anger. also see ", 0
"eo's climate change documentary is so epic. he's amazing", 1
"policies for global warming pandaw cruises vietnam and cambodia ", 0
"eanwhile, china has identified the 23 trillion dollars to be made in green tech to combat climate change. ", 1
"rom the party that brought you climate change as settled science", -1
"ou can pay $900 for a robot that wont admit climate change is real  ", 0
"mericans pull ahead of canadians in the race against climate change | national observer ", 1
"innesota must do more to cut greenhouse gas linked to climate change  minnesota public radionews ", 1
"orry but the true delusion is climate change denial. ", 1
"he climate change scam is about allowing the third world to develop it's own polluting infrastructure by switching ", -1
"ol, in all this time i thought it was global warmin", 0
"limate change is a crock of shit*", -1
"iscussing impact of climate change on fisheries migration &amp; survival the sound of water  via", 1
"i pity the simpleton who scripts evening news - when the world finally addresses climate change, it$q$s nbc$q$s 4th story", 1
"cientists: climate change is real and we are causing it. renewable energy right fucking now.  fossil fuel magnates: ", 1
"ternal reminder that climate change does not care if you believe in it or not, and it doesn't stop at the border. ", 1
"top making climate change a political issue and protect our awesome plane", 1
"h excuse me global warming, can you allow us to experience the snow this year", 1
"ow australia would compare to the rest of the world if abbott listens to the climate change authority  tony listen ", 1
"aybe democratic nations need to start making it a crime to deny climate change and issuing warrants for the... ", 1
"omething you'll never see happen here in south florida - in spite of #fakenews man-caused climate change. ", -1
"he year climate change began to spin out of control - via ", 1
"ulling out of paris deal! he don't give a fuck about climate change he here to snatch america by the pussy", 1
" big questions for this years climate change conference in marrakesh. ", 0
"ood thing us and uk governments really care about climate change...", 1
"y answer to how does global warming affect our surroundings? ", 1
"ulme: what is the best way to see climate change? a scientific desrip. of a physical reality or a story about human condition #humansidec", 1
"o proof for climate change ", -1
"rom the libs: climate change haunts this year$q$s pumpkin crop ", 0
"o, global warming isnt real but #geoengineering is real  some studies have suggested, for instance, that spraying ", -1
"2/12 global warming - what the government isn$q$t telling you 12/12 ", 0
" wrote this exact thing on my global warming essay can i report this for plagiarism  ", 0
"sn't that trip going to contribute to climate change", 0
"audi aramcos ipo institute for defence studies and analyses report on climate change - ", 0
"e should blame climate change", 0
"his is perf weather thank global warmin", 0
"aris agreement 2015/art.2: aims to strengthen the global threat of climate change.'  ", 1
"or bc, the devil will be in the details of the text of the climate change agreement... #bcpoli ", 0
"ery interesting on communicating climate change. via 'global warming sounds scarier than climate change' ", 0
"o all of you climate change alarmists:  the planet is 4.5 billion years old..  #period #parisagreemen", -1
"he scary thing barb is that their actions take us all down! between climate change, electing trump, guns, et", 1
"ointing to several scientific studies which found evidence that climate change was likely driving up... ", 1
"**k you climate change! #txw", 0
"e literally skipped winter again in my state thx global warmin", 1
"hey don't belong in captivity for our viewing pleasure ... but you're right global warming is another problem they r facin", 1
"y major is straight up about climate change. we won't get funding??", 0
"hat is your country doing to eradicate climate change? #beatpollution #actonclimate #climateaction", 1
"ick$q$s rant - proportional representation  via  $q$its like darth vader meeting ewoks to fight climate chang", 0
"n the list of least surprising things to learn about philly sports figures: climate change deniers ", 1
"6 before and after images of climate change: since the election, leaders of the environmental movement and ", 1
"on't be silly. bears aren't dumb enough to believe in climate change. ", -1
" pledge to urge u.s. leaders to maintain our momentum in the fight against global warming...  #globalcitize", 1
" new material could make storing our carbon a viable way to stave off global warming: capturing carbon dioxide ", 1
"f you are serious about climate change  you know how much more lethal methane is compared to co2 ", 1
"ts not even that, its that especially living here we are first hand experiencing global warming. the ", 1
" was asked by my daughter if this guy has anything to do with global warming ? #heatmeiser ! ", 0
"lmar degenhardt, ceo continental, gives an impressive speech about industry's responsibility for climate change. ", 1
"artins said 2014 law he backed requires pub. works projects to consider climate change under seqra, but that law d ", 0
"hat's the big rush? limbaugh flees hurricane irma after he chalked it up to climate change conspiracy ", 1
"now depth, soil temperature and plant-herbivore interactions mediate plant response to climate change   #365papers ", 1
"id you know that the use of human labor in farms conserves energy thus reducing global warming? ", 1
"emocrats want new jersey back in regional climate change pact - whyy ", -1
"ou think global warming is a hoax?", 0
"ur approach to climate change isn't working. let's try something else.  via", 1
" day to go. may won't stand up to trump over the climate change accord. vote for our planet. vote for a strong leader. #votelabour #ge201", 1
"ouldn't it be more effective if he used his billions to fund projects that actually combat climate change instead of a website", 1
"wanza capital officials and africa climate change coordinator for unep dr agreed to build on existi ", 1
"atch leonardo dicaprio's climate change documentary free for limited time  ", 0
"ip: weather channel founder john coleman dies  called global warming a hoax ", -1
"cott pruitt: climate change denier and bedfellow of polluter lobbyists. reject his nomination as epa administrator ", 1
"ust a reminder there is record ice growth in the arctic. no global warming to see here folk", 1
"hange climate change - sign the petition!  via", 1
"awmakers did leave in several references to man-made climate change, which theyve rejected the past two years: ", 0
"o you have questions about climate change? here are short answers to the most frequently asked questions ", 0
"xcept for climate change", 0
"q$more fiction that fact$q$: photographer says his pictures were misused to prove global warming ", -1
"ince climate change now affects us all, we have to develop a sense of oneness of humanity'. -dalai lama ", 1
"he dude has done more to undermine efforts to stop climate change than pretty much anyone. should be in jail", 1
"aiting for climate change effects  ", 0
"riendly reminder that climate change is real and cannot be ignore", 1
"here's literally no snow in anchorage, ak &amp; some ppl believe climate change ain't real... ", 1
"odels have failed to predict the pause in global warming which has been going on for 18+ years  #globalwarmingscam ", -1
" high of 74 today the first day of november yep global warming is fak", 1
"..and then back to nah those folks that don't 'believe' in climate change are just nut", 1
"now in nc for the second time in two weeks. i call bs on global warming. lol  north carolina right now ", -1
"ou can blame the terrorists for everything now. milks turned? terrorists. trains late? terrorists. global warming? terrorists. bad tweets", 0
"f global warming turns out to be a thing, better to pin your hopes on being given an interesting and i ", 0
"h my god. this imbecile doesn't even know what global warming is. ", 1
"ave fun enjoying your president who doesn't believe in climate change. educate yourself because your children's lives depend on it", 1
"astcompany: replacing farms with fish farms: the odd solution to both hunger and climate change ", 1
"es..and then resign. sometimes i think obama wants hilary to lose. what is up with this climate change nonsens", -1
"lobal warming rapidly melts massive greenland glacier ", 1
"indu kush himalayas: joining forces to combat the impact of climate change - reliefweb ", 1
" think there's global warming.. i just think taxes are not the solutio", 1
"o some podunk part of the hudson valley to ask some guy what he thinks about global warmin", 0
"his is a painful, sobering look at the victims of climate change. it should stop us from trivial pursuits, if only ", 1
"here is a strong scientific consensus that climate change is caused by human action and will very likely have... ", 1
"ao. the food and agricultural sectors need to be at the center of the global response to climate change.' ", 1
"uman rights, climate change, supply chain, business ethics, cg: most important engagement issues for swiss investo ", 1
"mfao at people who dont believe in global warmin", 1
"y blog is a mess. but it was practice for publishing my first piece on cotton and climate change at ensia in february", 0
"atest post from the paepard blog: new fellowship to boost climate change research capacity  ", 1
"he right-wing mega-donors and major climate change deniers and denial funders, the koch brothers, will go all out ", 1
"our future president doesn't believe in climate change lma", 1
"ey its 60, in january, in illinois, so how about that global warming", 1
"ee also: public ed/higher ed funding, climate change, wage suppression, social safety net, public infrastructure, affordable housin", 0
"he sea floor is sinking under the weight of climate change ", 1
"robably caused by climate change", 0
"xxon sees oil demand down 20% in 2040. 'the climate change report says oil demand will drop to 78 million barrels ", 1
"ramatic venice sculpture comes with a big climate change warning  ", 1
"ou guys watching the climate change stuff in the news? last time a celebrity pulled out of paris, we got a leaked ", 0
"ice president al gore at netroots 2017 talking climate change ", 0
"t's a good thing global warming is just a hoax made up by the chinese. ", 1
"lobal warming be like that ya' kno", 0
"pended da day servicing da snowblowers... in short sleeves... outside... da bright side of climate change", 0
"here is no climate change per sec pruitt, throw him in", 0
"'m on board... climate change nerds are always fun to trounc", 0
"ates trustees - meet the people who can show leadership in a time of climate change and decide to #dropbp in 2016 ", 1
"greed. lets let global warming and world hunger fix themselves. shit will work out in here end", 0
" liked a video from  climate change! ganondorf amiibo, 3 hearts on hero mode | zeld", 0
"ight-sizing' indeed. their use of language no different from the way republicans deny climate change is caused by ", 1
"latepost ridhima pandey is living proof that no one's too young to fight climate change. ", 1
"saw your interview on global warming being real. you should post.   #weareallstewardsofeart", 1
"hat a global warming", 0
"e knows climate change is real. he knows he's destabilizing the world. he knows he's hurtling us all towards doom", 1
"ow using antisemitism to describe climate change. i am going to unload a can of aerosol in your honor snowflake", 0
"cientists on #rationalia believe salt &amp; butter are bad, ulcers caused by stress, plate tectonics$q$ is wrong and global warming caused by ma", 0
"he military says climate change is a threat. the whole world now believes in climate change except for our government. #faithlesselector", 1
"hen are we gonna stop just talking about climate change and actually do something about i", 1
"ivestock did not contribute to global warming until the industrialization of the processes", 1
"he dominant polluter, the dominant climate change denier. but other countries are far surpassing us i ", 1
"he question is not 'do you believe in climate change' it's 'are you aware of the fact it exists", 1
"k: hulk hogan boasts about denying climate change with ginger hair. 'we're all getting screwed' says trump", 0
" clicked to stop global warming ", 1
"n my opinion,climate change is nothing more than a way 2 remove our money from our pockets 4 their greeny projects ", -1
" just joined in combating climate change. take action #beforetheflood ", 1
"r just a low tolerance for fascism, climate change, police brutality. you know, the things trump won$q$t solve ", 1
"o the person, who send me a tweet on no climate change, what do you call this pollutio", 0
"t sas 70 degrees on wednesday and it's snowing today. these climate change denying politicians really think that w ", 1
" love climate chang", 0
"ood thing global warming isn't real right everyone? ", 1
"cientific proof that exxon and the kochs distorted the publics understanding of climate change  via climateprogres", 1
"requently asked questions on climate change and disaster displacement ", 1
"ped: trumps climate change denial is bad news for maines lobster fishery  ", 1
"ou know there's something wrong.when the safety of your country doesn't matter and climate change is more importan ", -1
"his has nothing to do with climate chang", 0
"lobal warming is real, human caused, and already putting lives in danger", 1
"w fam, thank you so much, we really need it.  this whole global warming thing has really ruined the whol ", 1
"oaa: 24 of 30 extreme weather events in 2015 have climate change fingerprints, such as miami sunny day flooding; ", 1
"sing my #pma towards this supposed libtard idea called global warming", -1
"brupt climate change: how will you show up during humanitys final chapter? ", 1
"f they can$q$t predict tomorrow weather?  how are they predicting future global warming? no one knows what$q$s next #weatherfail #canad", -1
"e are live   join and for a conversation on climate change and food secu ", 1
"no global warming here! brrrrrr!! ", -1
"q$science to policy summit: climate change$q$ ", 0
"ut hey, no big deal!  ask potus!  right up there with scotus funerals.  now if climate change killed boy...whole different thing", -1
"reakin hell one minute we have global warming, next it's bloody ice age. who comes up with this crap? political po ", -1
"his is why we reject the monarchy: inbreeding  ", -1
"o modernize talking points climate change will now be called #transweathe", 0
"here$q$s good ways to go about climate change, and then there is the hillbillary/obama way.  ", 0
"hat i feel like doing when use scientific terms like 'genome' but deny climate change, real ", 1
"lobal warming? or climate change", 0
"eeing how ignorant people are to global warming is truly shocking #beforethefloo", 1
". ostriches don't really do that but climate change deniers do", 1
"nd people say global warming doesn't exist. so that's why we have summer weather in fall right? okay.   ", 1
"'the scales have tipped': majority of investors taking action on climate change! where's turnbull? still fast aslee", 1
" wonder how long it will be before msm &amp; bbc run a story that nicola sturgeon and snp are responsible for global warming?", 0
"limate deniers blame global warming on nature. this nasa data begs to differ ", 1
"f global warming isnt real then why are the arctic monkeys defrosting", 0
"f only you treated terrorism with the same urgency, considering it has killed way more people than global warming. ", -1
"lobal warmin", 0
"rade center, right now, we need global warming! ive said if ivanka werent my hands: if theyre small, something els", 0
"he climate change con  ", -1
"y grandson n i have a global warming bet that, even tho it'll be 70+ all next week, we'll still have one more freezing spell by mid april", 0
"atch on #periscope: global warming winston neace ", 0
" historic mistake. the world is moving forward together on climate change. paris withdrawal leaves american workers &amp; families behind", 1
"is voice and demeanour is the reason for global warming, makes anything and everyone mel", 0
"nd climate change 'could' cause an ice age and the worldwide famine. t see no one claimed to author this video", 0
"here is so much more evidence for human imposed climate change than there is for your god yet you consider the latter an undeniable truth?", 1
"apped: the climate change conversation on twitter ", 0
"f global warming gets to that point, what will happen to the rest of earth ", 1
"hat if scientists could prevent one catastrophic symptom of climate changea rapid rise in global sea levelwithou ", 1
"esterday was a nice day and today feels like i have entered a new hell called cold hell. good thing trump doesnt believe in global warmin", 1
"erkes imdi dnyay geziyor herkesin hayalinde bu var ilk kim balatt bunu ksn el kaldrsn arkadam senin yznden hep global warmin", 0
"votenigerianeyitayo global climate change contest closes on friday. lets give her a million votes. ", 0
" clicked to stop global warming ", 1
"ne of our board of advisors, works to save species in antarctica from climate change. read more: ", 1
"arth could hit 1.5 degrees of global warming in just nine years, scientists say  #stopfundingfossil", 1
"t's hard to find any reason to back her up except for her possible concerns for some social issues &amp; climate chang", 1
"pinion: americans pay a fearsome price for global warming ", 1
"limate change and the upcoming meeting of the (socialist) minds in paris #ccot #tcot ", -1
"t might have to be with climate change denier mike thompson instead on account of the fox connection", 1
"ittle fires everywhere: a combination of climate change and chemical pollution causes photoluminescent in ", 1
"o me that would interfere in climate change for the worst. this is probably what climate change monies r all about ", 0
"ollow  frederick_x5 is this what climate change looks like?:   follow  frederick_x", 0
" think jerry reed said it best about fake climate change when he sang $q$when your hot your hot when your not your not$q$ #suckzuk", -1
"grandolddeathparty fighting hard for more guns, less health insurance, more pollution, more bankruptcies, nuclear war &amp; climate chang", 1
"he religion of global warming has all tax-paid authority supporting it. there is no questioning it as our winters get colder", -1
"ow to curb climate change yourself: drive a more efficient car.. related articles: ", 1
"bama is a weak man who did nothing except speak of climate change while the world is burning", -1
"eather extremes getting worse due to man-made climate change? seriously? really? it was 47,2 degc in 1851 in melbo ", -1
"'m worried for our planet, trump will do nothing for climate chang", 1
"limate change: why beef is the new suv (opinion)  #new", 1
"rumps new head of epa transition said global warming is nothing to worry about by ", 0
"hat word global again. u can have rest of the world, not the usa. ur not the boss of us. ", -1
"alifornia burns, louisiana floods... expect more disasters like this as climate change continues, says today", 1
"on't punish us for climate change :\ ", 0
"ave the thing is climate change is cyclica", -1
" wouldn$q$t like to mess with narendra modi$q$s security team. never seen a group look so bored. ", 0
"nd much like the cherry blossoms (thanks, global warming) it's coming earlier every year", 0
"here is very good evidence that global warming has taken earth from the lowest temperature of the holocene, to the ", 1
"ebab tu sekarang dah tak panggil 'global warming' yb. sekarang dipanggil 'climate change'", 0
"a disagrees on climate change, emissions, energy, immigration, healthcare, cannabis and guns. outcome? 4.6% growth, leading the us. hmm...", 1
"id someone yelled climate change in 1845 when we got 8 in of snow", 0
"limate change imjacts food security as crop yields decline due to changes in temp, rainfall &amp; increased csimate variability", 1
"sa to those complaining about how cold it is, climate change is real. its happening. #thankuforyourtim", 1
"hy dont christian conservatives worry about climate change? god.  ", 1
"his picture is responsible for global warming", 0
" know global warming is real but tbh i think its nowed in louisiana twice this year bc everyone misses my damn yankee as", 1
"t's 20 global warming degrees right now!", 0
"idding the use of fossil fuel completely may be the only way to put a stop to global warming #earthtopari", 1
"he u.s. could learn from china about climate change policy | opinion ", 1
" thought you guys were the weather channel, not the climate change channel", 0
"s a businessman .should favour climate change. more business opportunities", 0
"e are in desperate need of leadership that prioritizes climate change as the threat it truly is. ", 1
"he issue offers our liberal shepherds no opportunities for virtue signaling on capital punishment, global warming ", -1
" just don't see how government action can put a dent on climate change. we are not that signifi ", -1
"asnt that the democrats points in the election? fear trump! fear global warming, now hate all wh", -1
"elp people seeking asylum and take action on climate change.  - ", 1
"hat about that one idiot who gets to see them everyday but still denies global warming", 1
"f we stopped emitting greenhouse gases right now, would we stop climate change?  ", 1
"hina very kindly explains to trump that it didnt invent climate change as a hoax.  via", 1
"he words climate change need to be noted. ", 1
"$q$ll mail anyone $2,000, if they can give me one shred of proof that global warming is man made. i don$q$t want opinion, but real proof", -1
"il and coal aren$q$t the answer. phony climate change agenda for companies profits. $$$", -1
"ord stern, climate change denier?  ", 1
"ake news and not global warming like you and sanders kept harping about when isis is a big problem", -1
"ucus and brick red marigolds global warming olive enough winky smon", 0
"e can brighten clouds to reflect heat and reduce global warming. but should we? ", 1
"o you are a climate change denier?i believe the climate scientist rather than climate deniers cause they go ", 1
"nd w/o seeing it: who pushes global warming: clinton, media, npr, colbert,  olympic committee, and i should trust them? #standupforscienc", 0
"hy even the people who worry the most about climate change often take little action - washington post ", 1
"ife behind a mask  china's cities still choking on smog | environment| all topics from climate change to... ", 1
"emarkable:all roads lead to soros funded orgs....especially the illuminati hoax: global warming #eyeswideopen ", -1
"on't let fake news tell you that climate change is damaging this country's future. outrageous", -1
"benefits from global warming - not wanted in nyc - makes it harder to get healthcare - didn't get the most vote", 0
"hen it's global it's not weather, it's climate change", 1
"ro-leftest agenda including global warming and the palestinians", -1
"hanks. that's my thing. along with fighting global warming! check out my other t feed, #climageddo", 1
"all climate change what it is: violence | rebecca solnit ", 1
"f you choose not to believe in global warming, i choose to believe the guy wearing the affliction shirt at the party won't start a fight", 1
"aving the world from climate change, black lives matter support, and urging nasa to work on muslim outreach ... ;-", 0
"n climate change: $q$pope francis is tapping the deeply held value of protecting the poor and the young.$q$ #nytletters ", 1
" feel like climate change is personally attacking canada this wee", 0
"nvironmentalists cried hoarse for years. now i hope the world is convinced of shocking speed of global warming. ", 1
"aybe you should focus on hair loss secrets instead because that is affecting you more than global warming guy! ", 0
"hina clarifies for trump: uh, no, global warming is not a chinese hoax    china clarifies", 1
"his global warming sure is getting out of control, the celebrities, the pope, and obama are right, it's ho", 1
"from children are most vulnerable to climate chang", 1
" think is buying on the gullibility of canadians regarding climate change", -1
"h yeah there's no climate change *sits through day 5076 of rain with no forecast end in sight", 1
"otta be global warming. they need some excuse", 0
"ilary should appoint barak and matt to handle climate change", 0
"arbon engineers? what bison in south dakota can teach us about fighting climate change.  ", 1
" simple question all climate change deniers must answer. what if your wrong.  #auspol #climatechang", 1
"o you're down with him denying climate change is real &amp; wants to stop funding un climate change efforts? #makessens", 1
"e all know climate change is real your dumbass. it's called the ebb and flow of mother nature. go read a book you hac", -1
"ound up of un #humanrights treaty bodies' conclusions &amp; recommendations on climate change, includ/ protection of p ", 1
" man who rejects settled science on climate change should not lead the epa ", 1
"ill de blasio, the mayor of new york explains why the city is moving on climate change. #thisisleadership ", 1
"there is sience to back that climate change is a hoax, but political correctness can't abide by that", -1
"rapped in arctic ice for thousands of years, climate change could soon release 32 million gallons of deadly mercur ", 1
"ecause the backlash against their hectoring will make it harder for climate change measures to become popular", 0
"his morning hannah decided to take bold action to protect her future from catastrophic climate change. now police ", 1
"an we spin it to include climate change also", 0
"climatechange bringing republicans to the climate change table: then there are republicans l...  #tcot #uniteblu", 1
"he european union (eu) is taking action to fight climate change. watch video to learn more. #climadiplo ", 1
"es, there is an red 2.... the climate change act would imply more renewables ", 1
"he sea floor is sinking under the weight of climate change ", 1
"arliamo del tempo  udine. clima e global warming sono i temi attorno a cui la comunit scientifica... ", 0
"ig picture, i know global warming is terrible &amp; there are a ton of consequences that stem from it, but small pictu ", 1
"houghts on climate change, terror and the intersection between the two. the frog and the iceberg - a week in paris ", 1
" thought that 100% of climate change scientists believed in climate change", 0
"ore aviation fuel burned impacting the climate change hoa", -1
"o many people posting about standing rock, alt-right &amp; climate change. eyes are being opened ", 1
"ow the coffee industry is about to get roasted by climate change  ", 1
"ruitt can go to congress anytime he wants to ask for more clear authority to fight climate change. #epa #altgov ", 1
" go, girl!! we expect this crazy weather, but the whole country has gone crazy! guess its that global warming", 0
"akistan is the top of the country who's effected by climate change ", 1
"lease watch,tweet our climate change impact video  help us reach 1 million people", 1
"ad news for coffee drinkers: climate change may negatively impact the quality of coffee. ", 1
"n other non-crazy news. this is what global warming looks like, unstable weather. unpredictable weather. extreme w ", 1
"ereka, borjuis, dengan konsumsi tumpah ruah, mobil pribadi dengan ac dingin, kamar dingin, mungkin tdk trll mrskn efek climate change", 0
"hhh, climate change during a republican debate... this should be interesting. #gopdebat", 0
"ecause the fake science of climate change told us we'd all be dead by now", -1
"kay, scott: when should we talk about climate change? on the 13th of never", 1
"o why did we have huge storms before your so called global warming", -1
"n a side event at cop 21 about climate change communication. angelique kidjo emphasizes $q$we need to connect cc to people$q$s reality.$q", 1
"wo days ago it was 60+ degrees and today it's snowing but somehow there are still people that don't believe in climate change", 1
"inters like these make me think that global warming is fak", 0
"ols would rather try &amp; scare up 51% support for punitive climate change responses than build 70% coalitions for lo ", 1
"or global warming to be a worsening trend all over the world is very concerning! how does the trump administration explain it", 1
"pls publicly oppose dup views on abortion, same-sex-marriage + climate change #dupdea", 1
"oys are to feelings as statesboro is to climate change   - a compariso", 0
"ight on so many levels on her take on the importance of the climate change talks", 1
"e: hurricanes, floods, and other clear climate change events. may be time for buckminster fuller domes...(tho' ear ", 1
"ome on now: scientists say apocalyptic predictions about global warming by the u.n. are not credible ", 0
" just joined in combating climate change. take action #beforetheflood ", 1
"obby jindal insists we ignore climate change, new orleans&amp;#039; gravest threat ... - bayoubuzz ", 0
"inally, you are not a lone voice in the media. and you have the daily mail to thank! ", 0
"ow about this: is global warming favorable on unfavorable thermodynamically? justify your answer", 0
"omply doe! you work for #wethepeopleu.s. energy department balks at trump request for names on climate change ", -1
"or starters, diesel-electric hybrid tractors (akin to a prius) are on the market. misleading headline. #cdnpoli  ", 0
"rominent scientists say climate change fanatics are irrational ", -1
"he colorado river is shrinking because of #climate change  #environment ", 1
"eterans urge the white house to stand by our fight against climate change as senior advisers debate exiting the... ", 1
"s it bad that i feel more threatened by jeff bezos than climate chang", 0
"ead | how climate change affects asean affairs | via  #climateactionp", 1
"appy november the high temperature is still in the 80s global warming is real and the natural progression of time means nothin", 1
"he trees are so confused. we have both dead leaves and buds on the same trees in november, but what climate change", 1
"ll in the face of catastrophic climate change..", 1
"t's an op ed saying nothing is certain and life is complex and one example is climate change . the piece is largely not about c", 0
"n other shocking news, climate scientists are worried about global warming, kylo ren is worried that nobody takes ", 0
"ad how some people think global warming has nothing to do with any type of extreme climate chang", 1
"ard-working miners are losing jobs b/c of senseless 'global warming' policies by our big govt bureaucrats. good protest", -1
"hout out to the idiots that deny climate change. it's december 6th in the northeast and i should be covered in sno ", 1
"trategy to avoid climate change in your business ", 1
"f you're looking for good news about climate change, this is about the best there is right now - washington post  ", 1
"m on (..climate change/global wrmng, whther more,fewr, r same # $q$s, as sea lvl rises strm surge is going 2do evn more damage", 0
"t sucks and climate change is real but this is typical for lousy smarch. #dlw", 1
"hat climate change story you've always wanted to tell?  now's the time. #climateaction film contest. ", 1
"3novices : oceanographic training centre getting ready oceans play a big role in studying climate change and weather forecasting patterns", 1
"s climate change just a hoax? who knows", 0
"fter a horrendous hurricane season it's time to think about man induced co2 as a cause of global warming. here in ohio we just had one of.", 1
"eeping the holiday tradition of ruining christmas twitter by reminding everyone that global warming is rea", 1
"&amp; i have been talking about climate change in the second period. that's what kind of game we have tonight", 0
"imagine how cold it would be without global warming", 0
"his father of global warming  seems to agree that it's not anthropogenic. if it is, what ca ", -1
"amaphosa speaks of the real effects of climate change in davo", 1
" predicted global warming", 0
"s they grapple with unempt, no pensions, crap healthcare, war, climate change, they'll be appalled she didn' ", 1
"ol facts. but also 'global warming isn't just a bunch of hot air'  unless you're in sudan of course.", 1
"ell congress: irma is a climate change disaster ", 1
"hanks to climate change, the weather roasting california and freezing the east may thrive ", 1
"o amazing! lets just increase global warming, kill jobs/employment and make sure your future kids lay in bed all ", 0
"o one believes that. we're sure the talk is trade, climate change, etc. you should be too busy to tweet ! ", 0
"oters in ca-04! roza calderon is a scientist who will fight climate change, a single mother who supports medicare ", 1
"ho leads the world in the fight against climate change? ..  #climatechang", 1
"adical thoughts on how climate change may impact health ", 1
" think because he knows climate change is bogu", -1
"ost something insightful about global warming again", 0
"romised for my vote that climate change was junk science. now he's talking to al gore? oh hell no!! not what i voted for", -1
"lobal warming exists only on a small slice of beachfront property in ireland owned by donald trump ", 1
"elp, al, help!! --al gore reaches out to work with donald trump on climate change ", 1
"limate change is real, but the cause are not humans. the cause may be outside our solar system.. other planets are heating also.. #planet", -1
"q$do you have evidence that it increases by 50%?$q$  $q$like, it$q$s the earth. how are you? it$q$s climate change$q$ ", 0
"t least obama isn't a christian-extremist who thinks global warming &amp; evolution are hoaxes", 1
"hat the sea wants the sea gets with climate change the arctic falls... ", 1
"limate change isn't real' 'bitch tell that to the weather", 1
"mproving climate change reporting and cooperation between science and the media on the agenda of aman meet #cyprus  ", 0
"ow can we save the world from global warming?  just blow really cold air on it from space ", 0
"or the record, i do believe climate change is real. i just dont believe the governments really wan ", 1
"r maybe global warming???? lmao ", 1
"f you haven't watched climate change documentary 'before the flood' you have to! he knows what he's fighting for!", 1
"atastrophic environmental events disproportionately affect women - as climate change worsens, women will be more b ", 1
"eautiful light projections on the tasman glacier highlight impact of climate change  video ", 1
"here is no climate change", -1
"ikas link to climate change ", 1
"obody has to 'believe in' climate change -- it's not 'the emperor's new clothes.' just read this! ", 1
"all think that the weather is crazy now but imagine in five years when global warming is wors", 1
"limate change is real however the agw side of it is undeniably over hyped. ny city is supposed to be floode", -1
"o u believe in climate chang", 0
"econd-hand clothes are indeed a force for good.  but fears that climate change threatens cotton are unfounded. ins ", 0
" truly support and respect you, but i have one issue. you can't keep denying climate change please i'm begging you", 1
"he us center is streaming a presentation on jurisdictional approaches to climate change. watch now", 0
"irector general spending some time in #rome with the pope a global advocate for climate change. ", 0
"wesome! now tell us how climate change is causing these extreme temperatures. that is what is mis ", 1
"hat company doesn't believe in climate change. they're one of the biggest opponents of any us climate change polic", 1
"hatvwould be global warming...i am not being tongue in cheek but change in enviroment.", 0
"lobal warming", 0
"enying climate change is like denying that lettuce is green. you can be uneducated or stupid, but are you blind too?", 1
"ince climate change now affects us all, we have to develop a sense of oneness of humanity'. -dalai lama ", 1
"uiz: how could climate change destroy world heritage sites?  #climatechang", 1
"rump wants global warming to show us its birth certificate", 0
"he smoke from the north georgia wild fires has made it into atlanta... scary. no climate change to here see, nope..", 1
"lanet succumbs to global climate change from greenhouse gas emissions? the answer is no so enjoying your life here on earth while you", -1
"reat reply to a stupid question brit. leave it to the climate change goons", -1
"lashback 2004: the pentagon (allegedly) tells bush: climate change will destroy us ", 0
"eostorm is an contamination climate change a problem. its well-nigh as whether the senescence and away of handle ", 1
"nd thinks climate change is a hoa", 0
"alling for expressions of interest myanmar climate change alliance (mcca) is jointly implemented by the united... ", 0
"anson visits reef to dispute climate change.  senator pauline hanson has slippe...", 0
"retending climate change isn't happening doesn't stop it from happening ", 1
"o2 doesnt cause climate change?!?  ", 1
"oo bad climate change doesn't care", 1
" things you can do to stop donald trump from making climate change worse. ", 1
"warm weather in january*: global warming is gonna kill all of us  *cold weather in january*: this cold is so an ", 0
"uck does climate change have to do with radical islam? syrian refugees? do you need an adult? ", -1
"our mcm thinks climate change is a hoax", 0
"ant to develop your skills in communicating climate change? don't miss our free interactive workshop!", 1
"$q$m going to be honest, the issue i$q$ve most looked forward to is climate change and alternative energy", 1
"id he box him for approving taking down all global warming related info from gov pages", 0
"lose lcps this climate change making me sick and i dont wanna get anyone else sic", 0
" just joined in combating climate change. take action #beforetheflood ", 1
"'all it's the middle of november and i'm wearing a tank top but 'climate change isn't real' oka", 1
"bama claims eating steaks contributes to climate change. ", -1
"orway could be a world leader in green energy. drilling in the arctic &amp; worsening global warming is not the way", 1
"eople in carrum downs should blame burning coal for causing this climate change event. if they don't, t ", 1
"o we haven't. what an idiotic statement. humans have been constantly adjusting to climate change since the caveman. ", 0
"rom 60s and raining yesterday to 30s and snowing today, if you don't think climate change is real, please educate yourself", 1
"ew mexico suffers worse climate change than the great barrier reef", 1
"oes perry know what the doe does? he also doesn't believe in climate change.... ", 1
"-4 inches of snow my ass, global warming fucked that right up, stay woke", 0
"he climate change racket has lost force #podestaemails26 ", 0
"old weather is my time to shine and global warming is really messing that up for me", 0
"t's not global warming, but cooler temperatures are the most pervasive throughout most of us:  #climat", 0
"dmitting to climate change by insisting a wall be built", 1
"umbass racist, sexist, misogynist, lying and unqualified corn muffin who thinks climate change is a hoax", 1
"he world will end for the humans if we don't do anything about the climate change", 1
"lown preaches fear from the altar of man-made global warming:  #climat", -1
"iggas asked me what my inspiration was, i told'em global warming, you feel me? #coz", 0
"0 terrifying before and after images of climate change ", 1
"cymi: mike pence tried defending trumps lies on climate change. he didnt do well.  #debates2016 #climatevote", 1
"limate scientists, in attempts to halt global warming caused by caribou farts, have successfully trained ", 0
"e is being investigated whether exon deceived investors &amp;public by hiding what it knew link b/w fossil fuels &amp; climate chang", 1
"tuesdaythoughts do or die save humanity &amp; save  can be warriors against climate change.  ", 1
"emember when south park had an episode making fun of al gore for thinking climate change was rea", 0
"an we stop climate change by removing co2 from the air? ", 1
"pinion: hunger on the horn of africa is not caused by climate change  via", 0
"he whole climate change thing is calling us all sinners for breathing, existing. carbon ", -1
"ho gives a crap if he used an alias? man made climate change is the biggest hoax ever", -1
"pecies migrate as a result of global warming.  ps don't lick the cane toads ", 1
"onservatives probably cant be persuaded on climate change. so now what?  via", 1
" should be inside doing some article posting and worrying about global warming, as the weather is like mid-spring. ", 1
"ust my two cents on the best coping strategy for vulnerable smallholders in climate change ", 1
"awn. so are you back to global warming now or what", 0
"o climate change stuff fits in my schedule", 0
"hat does climate change have to with cia - zero just another piece of corrupt news network dishonest &amp; fake news", -1
"o nigel lawson's dodgy outfit irresponsibly downplaying global warming has links with the iea. not with any... ", 0
"bama /9/11/2001 global warming...1142 people killed on 9/11 were in direct competition with the chicago cl ", -1
"ol we talked abt reasons why ppl don't believe in climate change in class today &amp; the most common reason is ppl think its a conspirac", 1
"lobal warming game :", 0
"oure doing a disservice by having one climate change skeptic and not 97 or 98 scientists or engineers... ", 1
"urrah 4 war, climate change &amp; fascistic $q$free-trade agreements,$q$ trojan horses 4 corp. rule  ", 0
"nderrated moment in rap history: ludacris saying he's causing global warming by smoking too much weed. iconic", 0
"ntegrating 2 types of models to predict the effect of climate change on crop yields  #science #new", 1
"ook, dicksmoker, the global warming hoax is about stealing our money and freedoms. wake up you sheep and check out the real science", -1
"een sniffing that omamie butt again, huh??? ", -1
"rump: climate change is a hoax!  also trump: i propose we build a wall to keep climate change away from my golf cl ", 1
"eading the replies of people truly believing climate change is democrat propaganda  ", 1
"hot off the art desk? who is this guy? a theoretical physicist that props up the global warming hoax? ", -1
"lobal warming is as real as racism will be in the white house", 1
"atch j-cccp's 'feel the change' campaign video, launched as a part of the belize climate change communications... ", 1
"ational geographics climate change documentary with leonardo dicaprio is now on youtube  via #thenextwe", 0
"n defence of the 1.5c climate change threshold - jordan times ", 1
"avos 2018: climate change rhetoric and reality  via", 0
"ow global warming atethe nasa budget   also responsible for global warming models that have proven to be inaccurate", -1
". 'the clean energy revolution is underway' i am not optimistic about us doing enough to stop global warming without huge commitmen", 1
"ace is frozen due to global warmin", 0
"here's so much snow outside when will it stop, global warming where u a", -1
"iscussing climate change incognito. ", 0
"aking additional steps to expedite global climate change by adding import tariffs on solar panels ", 0
"prove you're a decent person. please publicly oppose dup views on abortion, same-sex-marriage + climate change #dupdea", 1
" clicked to stop global warming via ", 1
"he case for optimism on climate change | al gore: al gore has three questions about clim...  #ted2015 #kevinroye", 1
"hats how my teacher is about people who think global warming is fake and it is so refreshing and super awesome", 0
"arghem $q$belgie haalt klimaatdoelstellingen door boekhoudtrukje$q$. of boekhouding global warming zal stoppen, is niet vermeld. #klimaatzaa", 0
" hope you global warming assholes are happy. its fucking cold again", -1
"o climate change than grain-fed. they require much more space and live for longer per cow &amp; are smaller", 0
"1) there is no such thing as global warming. chuck norris was cold, so he turned the sun up", 0
"hip made a voyage that would not have happened without global warming  ", 1
"igger, faster avalanches, triggered by #climate change #auspol #tippingpoint ", 1
"lobal warming brain (psychedelic electronica) boogie underground ", 0
"nd so now i'm burning a tire in my back yard. sending smoke signal 'man made climate change is merely a tax.", -1
"mnesty&amp;greenpeace: with impacts of climate change, the risk of displacement may reach catastrophic proportions.' ", 1
"'d look into a lot of scientists estimate earth can't sustain 4 years of climate change denial. scary shi", 1
"ign to restore &amp; maintain accurate science-based info on climate change to the white house website ", 1
"etweeted washington post ( opinion: phoenix heat, tropical storm cindy show how climate change... ", 1
"retty sure mayor stothert is praying for enough global warming that it never snows in omaha again, because every time it snows city shut", 0
"video] bill nye offers climate change skeptic $20,000 bet...  ", 0
" think it's the fact climate change isn't simple confuses and angers the stupi", 1
" wonder what will do about climate change. hope he has lots of money to pay for lawyers! oops! ", 1
"ew images show 50 years of climate change in the himalayas ", 1
"his deplorable minion hates #marriage equality, climate change action, refugees &amp; indigenous constitutional recogn ", 1
"ere's how to watch leonardo dicaprio's climate change documentary for free online  ", 0
"ouble edge sword. also get to charge climate change $q$experts$q$ who make up and  fabricate warming dat", -1
"magine the field day msm would have if it was who said terrorism is caused by global warming  #tcot #pjnet #mag", -1
"ut gahdamn 3 hurricanes so close to each other is still wilddddddddddd. also climate change ain't a jokeeeeeeee we all gonna dieeee", 1
"h, and the wasteland will be created by denying climate change not by spending imaginary money. ", 1
"ost of us who live in the united states spent this winter shivering in the cold, wishing for more global warming", 0
"enying climate change is only part of it: 5 ways donald trump spells doom for the environment ", 1
"ow do people not believe in climate change? i'm a bible believing christian but i'm also a biologist. it's stupid to refute it", 1
"lobal warming hits you fas", 0
"nurses: join in calling for strong clean car standards to protect health from air pollution and climate change: ", 1
"fc because that global warmin", 0
"arge beetles are shrinking, thanks to climate change  ", 1
"hhh i bet if lady liberty could cry we could forget blaming global warming for a rise in sea levels. ", 0
"n informative short film from happen films about how regenerative agriculture can fight climate change and... ", 1
"ake as global warmin", -1
"todayinmaker# wired : 2016 was a pivotal year in the war on climate change ", 1
"lso i do have other friends who can talk to me abt the randomest shit like climate change and trump and news i lik ", 0
"ascist, misogynist holocaust &amp; climate change denier liar #notmypresident under criminal investigation constitution2trump", 1
"iting nuclear danger, lack of climate change action, and trump administrations' actions as dangers to the world, ", 1
"t if you believe in climate change. lmao", 1
"ungai lebam takda dah tenggelam habis dah global warming air naik huh", 0
"rediction: as climate models get better and we run more attribution studies, we'll find that climate change has do ", 1
"alf-joking, but there's probably a study about the impact of covering climate change on journalists. loads of punc ", 0
"ut 100% chance we are all dead in 200 years because of climate change", 1
" will blame the jests for global warming, the entire traffic situation and the fact tha ", 0
"nother day tomorrow just talk about it . paris climate change agreement. ronald mcdonald sucks and hillary isn't an activist just a stupi", 0
"ixed metaphor or something like that:  octopus in the parking garage is climate changes canary in the coal mine ", 0
" did not post this as a global warming/climate change post. but lol at the global warming comments.  25 years ago ", 0
"enying climate change is fighting to . our supreme court. editorial boards across the successes of health insurance.", 0
"e also met this guy, he let us in on some truth about climate change and gay people not existing ", 0
"uz climate change ", 0
"he crosby ones are causing global warmin", 0
"smerconish is a feckless tool.  the hoax of climate change is a baseless narrative ", -1
"e$q$re so fucked unless we tackle climate change. ", 1
"ow do flat earthers feel about global warming", 0
"o much for global warmin", -1
"ou need to catch up. it's not global warming anymore because that's been disproven. it's now climate change", -1
"nyone who thinks those three towns' coastlines are eroding due to climate change needs to repeat 3rd g ", -1
"nn asks about climate change?? whoa! a tough question! #shocker #gopdebat", 0
"laming everything on global warming ", 0
"ou clearly dont know what climate change is and have refused to research it", 1
"s these storms become more extreme, let's not forget dr. jennifer francis' work on how global warming is affecting ", 1
"itizens around the world want quick and decisive action on global warming and clean energy #earthday", 1
"hen mexico pay for a positive impact on behalf of the world trade center, right now, we need global warming! ive said i", 0
"'m not trying to be rude, but do people that voted for trump not believe in climate change? honest question", 1
"ow can people be so ignorant when it comes to climate change #climatecounts #cop2", 1
"hanks for helping us fight climate change by biking to school, mrs. ropar's class", 1
"hen climate change turns north america into antarctica every day will be decembe", 0
"arry is claiming weird things about the dangers of global warming shortl", 0
"his is not climate change!!! this is the wrath of god upon the wickedness of mankind.the only hope is jesus christ ", -1
"have any of you ever done a story on geoengineering and how it relates to climate change", 0
"ood for the dept of energy  u.s. energy department balks at trump request for names on climate change  via", 1
"f you use the term climate change then you are denying the prophecies of al gore. he recieved his nob ", -1
".. but to the scientifically illiterate (i.e. most people) this just reads as 'this is not related to climate change'. 2/", 1
" mean looking at it, he'd both speed global warming up but also slow it down, so i mean, it's a bit of both he helps to", 0
"ay 1 policy is to reverse all climate change policies ", 1
"lovebernie1: rt rachy36: and why are labor and the greens not supporting liberals that are trying to get action on climate change?? #kris", 1
"m creating a new think tank for climate change, would you join and post your tweet also at  ", 1
"k let's talk climate change now, after the next storm we'll talk gun contro", 1
"ill nye compares climate change to world war ii: technically incorrect: in giving the graduation speech at rutgers university, the $q$..", 0
"his oil giant proves #exxon could do a lot more about climate change  ", 1
"cean acidification: climate change's evil twin ", 1
"nyc sues, divests from oil firms over climate change) has been published on daily info facts - ", 0
"uys: stay woke about climate change. so much is at stake &amp; we have the power to tell gvnmts to wake up. an example: ", 1
"..global warming, we know that the real problem is not just fossil fuels  it is the logic of endless growth ", 1
"oday we met with catherine mckenna, minister of the environment and climate change. read about our top priorities: ", 0
"nd here come all the global warming jokes.... right on tim", 0
"bury trump, leave him behind with policy and passion, honesty. climate change? you want the young vote...climate they get", 1
"lobal climate change and regulations that make it 2 expensive 2 start an american busines", -1
"f only it were this easy to show climate change in action ", 1
"he planet just had its hottest 4 years in recorded history. trump is dismantling efforts to fight climate change ", 1
"bh people who believe climate change isn't real are the ones that need free education the mos", 1
"ho else was a climate change denier until it hit 90 today", 1
"lobal warming means that many dry areas are going to get drier and wet areas are going to get wetter.#climatechange ", 1
"y biggest fear with climate change is if the poles melt and release some long dormant super plagu ", 1
"s sent $221m to palestinians in obama's last hours-including $4m for climate change programs and $1.25m for u.n. ", 0
"lobal warming is honestly freaken scar", 1
"hat does april snow bring? #shutup global warming sickos! ", 0
"rying to prove scientists wrong on climate change? ignorant and arrogant. was anyone stupid enough to follow his example", 1
"rump did not say climate change is a hoax, it was a trade agreement where china is exempt from climate rules that he was pointing ou", 0
"ndia just planted nearly 50 million trees in 24 hours: one of the most important climate change strategies is also ", 1
"vanka wants to speak out on climate change in vague, undefined ways? that's stenography, not journalism", 0
"lobal warmin", 0
"'lltake rahul gandhi so he can see global warming effected mountains so he can play role in opposition for their bettermn", 1
" saw this on the bbc and thought you should see it:  g7 talks: trump isolated over paris climate change deal - ", 1
"n open invite for informed commentary on the geological society of london's position statement on climate change. ", 0
"eloit wisconsin the global warming is killing me oh i forgot it is climate change will hurry up and change climate. ", 0
"ovember 2014 and now february 2017 tornadoes have hit illinois.  illinois!!!  still think global warming is a hoax?!? #ilw", 1
"limate change is directly related to global terrorism #feelthebern #neverhillary #orprimary ", 1
"o one denies that the climate changes, douchebag. we deny free people are changing it. ", -1
"r maybe it is just that the global warming nuts are being given a sign. enlist with us at  ", -1
"limate change 17th century england - great article and well worth a read   global crisis: war, climate change... ", 0
"t least it wasn't caused by global warming", 0
"ascinerend. shift toward treating climate change as a political rather than as a scientific issue is relatively n ", 0
"..#harvey s what climate change looks like in a world ...doesnt want to take climate change seriously.'  ", 1
"enying climate change is the next few decades could be 'unrecognizable' to let this be 'unrecognizable' to ensure that girl", 0
"hilst on climate change whilst on climate change decision due in 6yr case mann v tim ball then mark steyn case to ", 0
"retty sad really how much the earth is being destroyed by humans and climate change #beforethefloo", 1
"he jonas bros. were right because by the year 3000 everything will be underwater because of global warming", 0
"o you have any concerns over global warming?how do you justify your own carbon footpitrint?flying", 1
"priorities  ", 1
"hat does a community orgainizer from ganstra chicago, know about climate change ? surely he'll donate fees to gore. ", -1
"ongratulations on your win, please watch climate change doc before you back out of paris agreement.#mag", 1
"rotect america's border from climate change: bulletin of the atomic scientists  #environmen", 1
"global warming' hoa", -1
"- our fight against climate change is failing. one technology can change that. ", 1
"ou kidding? top notch science also states, pumping dozens vaccines &amp; drugs in children ok, global warming. but no ", -1
"an this whole global warming thing happen already niggas col", 0
"he best us cities to live in to escape the worst effects of climate change ", 1
" out of ten americans don't know they are trying to push 'global warming' to implement a carbo ", -1
"hat is funny to me is in his private legal affairs he uses climate change to justify his cases. then in public denys it", 1
" keep waiting for the godsquad to say god is mad b/c global warming, but they never blame anything that earns $. queers are easier", 1
"limate change? what climate change? ", 1
" think the day i understand why many people don't think climate change is real is the day i di", 1
"l gore joins forces with dem ags to go after climate change skeptics for breaking the law   ", 0
"ays the birther, climate change denier, and man whose entire campaign was based on inspiring hatred of 'the other. ", 1
"ur top officials aren't really worried about our national security. if they were, they'd address climate change &amp; ", 1
"ell that was devastating. poor walruses. poor polar bears. and honestly how can anyone deny climate change... #blueplanet", 1
"nder current administration there is 0 concern about climate change in the us ", 1
"eautiful ny eve. walked dogs in field. 25 ticks. so wrong. #thefirstepidemic in the age of climate change is #lymedisease. #stopthem", 1
"ost americans don't believe global warming will affect them, but still want to regulate emissions. ", 0
"oilwhore #moron &gt;&gt;&gt; donald #trump is about to undo 's legacy on climate change ", 1
"lobal warming: its not the cows, its the middleclass! ", 0
"hat$q$s going on? solving climate change with beer from patagonia$q$s food  get found -&gt; ", 1
"7 per cent of climate scientists believe climate change is real...#donaldtrump thinks it's a chinese hoax! sad! ", 1
"q$see how climate change could drown cities around the world$q$   #business #nature #globalwarmin", 1
"hy humans are so bad at thinking about climate change  via", 1
"mao. i'll sell once you've donated your nose to the people who are fighting global warming. save us please", 0
"ersei not joinging the fight is as frustrating as people who don't believe in climate change. #gameofthrones #got #thronesyal", 1
"ooking with lp gas will help in mitigating deforestation and climate change. ", 1
"t's hard to be optimistic when many effects of climate change, today, are not fixable. are we at the point of no return? terrifying", 1
"ot bad it will give room for talks like brexit terrorism migrant crisis climate change etc&amp; how trump wants to sustain uk as an allie", 0
"thanks for reminding us that climate change is irrelevant #gopdebat", -1
"nd what makes this hollywood liberal qualified to even discuss climate change?", -1
"st_online: sarawak to continue to protect its forests and combat climate change  read more :  ", 1
"rump thinks climate change is a hoax... #imwithher #debate ", 1
"ickey mouse would be more qualified. jim bridenstine doesn't believe in science or climate change", 1
"y bad, i just remembered, the world as we know it will cease to exist becasue of climate change deniers", 1
"emember when you liberals called it global warming. and then the winters were the coldest ever so you called it climate change", -1
" in 6 species is at risk of extinction because of climate change. we can fix this.  #climate change via", 1
"he media has to claim that a multi-hurricane season is bc of climate change in order to ignore the fact that handled it so wel", -1
"aybe if the story was framed as domonstrations for 'climate change' not  'regime change' the selfie-stick will res ", 0
"barackobamaapologytour he apologizes for henry ford for popularizing the automobile and create climate change. ", 0
"t is so cold in russian they like the idea of global warming #pruittsciencefacts #scrotus ", 0
"itting in class sweating bc global warming but at least i'm making this room smell like a pool bc i sweat chlorine", 0
"ssay questions on globalwarming ", 0
"ye unions, bye new federal minimum wage of 12-15$ an hour, bye climate change, bye gay rights, bye roe vs wade, bye free college", 1
"onspiracy theory with jesse ventura s01 e03   global warming  via", 0
"ow can people say climate change isn't real", 1
"e know radiative forcing, and that's pretty much all you need to know to know that climate change is happenin", 1
"he thing about the ice melts taking place right now is that it isn't a linear response to global warming its a quadratic relationshi", 1
"there is no climate change.for sure. its too cold. so bad. brrrr... #whitehouse #trumpnation #climatechangeisrea", 0
"attsupwiththat: corals survived massive caribbean climate change  likely to do so again ", -1
"heyll die of global warming first - literall", 1
"rotect america's border from climate change ", 1
"ell see, proof positive of - global warming...err...climate change...err...global climate disruption. ;) stay safe and warm", -1
"corching hot to raining hell real quick . . . . . + global warming is a myt", 1
"ts not about nukes, if you saw the last time it was this close, they attributed it to climate change..", 0
"his entire alaskan village has to relocate thanks to global warming: for the low, low price of $200  |", 1
"nstead, the global warming you falsely believe in should not be your fate, but, a nuclear winter is all but inevitable if you tear down us", -1
"tarted with the fossil fuel guys disparaging climate change. more money for them if science is 'wrong", 1
"ave money on energy. avoid costs of climate change. the time to go solar is now. ", 1
"ol at everyone who thinks that global warming is the us's top priority", 0
"m not going to get a white christmas and um...not mad just disappointed our government doesnt believe in climate chang", 1
"es, if you are: a) energy illiterate; b) supporting a green #climate change trade war against cana ", 1
"y environmental imperative class is legit gonna be just a design portfolio and me yelling at my classmates about climate chang", 0
"aggie recommends: why doesn$q$t anyone here believe in climate change? ", 1
"arry is typing up a strongly worded email to management about the dangers of global warming shortl", 0
"etter: working on the puzzle of climate change: salt lake tribune: in early june, more than 1,000  #climatechang", 0
"hat's your opinion on global warming", 0
"ou should learn about climate change research too. you'll make better choices for mont ", 1
".harp seals are already facing threats from climate change without an early hunt. have mercy #sealhun", 1
"limate change this week: climate chaos, an energy revolution, and more! - huffington post (blog) #climate ", 1
"isn$q$t she a climate change denier", 0
"rump really did tweet about chinese climate change $q$hoax - politifact  #auspol #ausvote", 0
"f you still don't believe in global warming come to michigan for a week, it's supposed to be spring rn but it's also gonna snow fuc", 1
"o hire punxsutawney phil as climate change specialist #groundhog day ", 0
"his from the cei, where trump's proposed epa man is director of global warming! #science  via", 0
"f global warming isnt real then why does 21 savage have a 12 car garage but only have 6 cars? makes you thin", 0
"dapting to climate change.. ", 1
"he urgency of acting to mitigate climate change is real and cannot be ignored:'...  by #avaaz via", 1
"l noaa modifica i dati climatici per cancellare i 15 anni di pausa del global warming! -  ", 0
"he people that push climate change are the same that push segregation racism and we're grand dragons of the kkk democrat", -1
"he idea of people 'not believing' in climate change completely baffles m", 1
"t was dumbfuck republicans who refused to believe global warming b/c they needed a jacket outsid", 1
"pu galvanizes mps on climate change to read&gt;  ", 0
"his is the global warming... lol", 0
"reaking: dueling opinion polls: is climate change the top global concern  or lowest? - global warming (blog) ", 0
"lan, wag ng dagdagan ang global warming pls lang, nakaka inet sayang kaputian namen", 0
"e literally have a president who says global warming was made up by chinaoh my god this country and its leader take the cake on most drov", 1
"w = a good person who cares about our world &amp; who will reverse climate change/ modification", 1
"9% of these sea turtles were born girls. is global warming to blame", 0
"he fast-moving deregulatory agenda isn't just going to hurt public health and efforts to fight climate change; it also has zero mandat", 1
"e need to frame climate change research more locally, as that is where climate change impacts will be felt ", 1
"ane fonda, naomi klein, and kathleen wynne think climate change is an urgent crisis.  deniers everywhere say 'i knew i nailed it!", 1
"oin campaign to sensitise people on climate change: union minister harsh vardhan to teachers ", 1
"en phillips | spice cream! - global warming on my tongue - prank! -      the best seller you must read: this ... - ", 0
"he us is electing this man to rule their country........... ", 1
"ith the media continually talking about global warming and melting ice, i thought i would take a minute to show... ", 0
"bama. what an idiot. global climate change has been occurring for millions and billions of years, dummy. ", -1
" support the paris agreement on climate change, but i'm up in the air on drilling in anwr, to be honest.  i would ", 1
"nly option world have together $q$ combating climate change!$q", 1
"igher methane levels make fight against global warming more difficult | methane levels ha  ", 1
"his might be a matter of opinion, but climate change is real, love is love, and a woman does have right to choose", 1
"redit scores, climate change and the presidential election: if you have excellent credit, you probably believe in ", 0
"urely she's doing that to raise awareness of climate change ", 0
